id,name,description,cost,category_id,shop_id,photo,identification,ref_link
167,"Studio Ghibli PBC-08 PULL-BACK Collection Totoro Handmade","Фигурка от магазина Fast Anime Studio. Дополнительные детали уточняйте у продавца.",1862,1,"Fast Anime Studio",253857.jpg,3,https://fast-anime.ru/Figures/11492
168,"Nendoroid Akane Shinjo","Фигурка от магазина Fast Anime Studio. Дополнительные детали уточняйте у продавца.",3868,1,"Fast Anime Studio",100260351.jpg,3,https://fast-anime.ru/Figures/11866
169,"Girls Frontline: Suomi KP-31","Фигурка от магазина Fast Anime Studio. Дополнительные детали уточняйте у продавца.",12427,1,"Fast Anime Studio",100260386.jpg,3,https://fast-anime.ru/Figures/11869
170,"Nendoroid Shizue","Фигурка от магазина Fast Anime Studio. Дополнительные детали уточняйте у продавца.",4998,1,"Fast Anime Studio",151886.jpg,3,https://fast-anime.ru/Figures/4927
171,"Nendoroid Ichigo Kurosaki","Фигурка от магазина Fast Anime Studio. Дополнительные детали уточняйте у продавца.",5321,1,"Fast Anime Studio",252827.jpg,3,https://fast-anime.ru/Figures/11405
172,"chitocerium LXXVIII-platinum","Фигурка от магазина Fast Anime Studio. Дополнительные детали уточняйте у продавца.",4191,1,"Fast Anime Studio",100262553.jpg,3,https://fast-anime.ru/Figures/12025
173,"Nendoroid Izuku Midoriya: Heros Edition","Фигурка от магазина Fast Anime Studio. Дополнительные детали уточняйте у продавца.",5321,1,"Fast Anime Studio",100262950.jpg,3,https://fast-anime.ru/Figures/12049
174,"Nendoroid Kizuna AI: A.I.Games 2019 Ver.","Фигурка от магазина Fast Anime Studio. Дополнительные детали уточняйте у продавца.",4352,1,"Fast Anime Studio",100262987.jpg,3,https://fast-anime.ru/Figures/12054
175,"Nendoroid Tomura Shigaraki: Villains Edition","Фигурка от магазина Fast Anime Studio. Дополнительные детали уточняйте у продавца.",5406,1,"Fast Anime Studio",100266960.jpg,3,https://fast-anime.ru/Figures/12295
176,"POP UP PARADE Garou PVC","Фигурка от магазина Fast Anime Studio. Дополнительные детали уточняйте у продавца.",4599,1,"Fast Anime Studio",100267738.jpg,3,https://fast-anime.ru/Figures/12348
177,"Nendoroid Avenger King of the Cavern Edmond Dantes","Фигурка от магазина Fast Anime Studio. Дополнительные детали уточняйте у продавца.",4114,1,"Fast Anime Studio",100270956.jpg,3,https://fast-anime.ru/Figures/12624
178,"Nendoroid Garo: Super Movable Edition","Фигурка от магазина Fast Anime Studio. Дополнительные детали уточняйте у продавца.",3868,1,"Fast Anime Studio",100271073.jpg,3,https://fast-anime.ru/Figures/12639
179,"Nendoroid Avenger Jeanne dArc (Alter) Shinjuku Ver.","Фигурка от магазина Fast Anime Studio. Дополнительные детали уточняйте у продавца.",5389,1,"Fast Anime Studio",100271837.jpg,3,https://fast-anime.ru/Figures/12698
180,"Nendoroid Archer Gilgamesh: Third Ascension Ver.","Фигурка от магазина Fast Anime Studio. Дополнительные детали уточняйте у продавца.",5245,1,"Fast Anime Studio",100272507.jpg,3,https://fast-anime.ru/Figures/12739
181,"VOCAL COLLECTION- Yukina Minato","Фигурка от магазина Fast Anime Studio. Дополнительные детали уточняйте у продавца.",12504,1,"Fast Anime Studio",100278279.jpeg,3,https://fast-anime.ru/Figures/12993
182,"Nendoroid Johnston","Фигурка от магазина Fast Anime Studio. Дополнительные детали уточняйте у продавца.",5321,1,"Fast Anime Studio",100277386.jpg,3,https://fast-anime.ru/Figures/12901
183,"Nendoroid Raiden Mei: Lightning Empress Ver.","Фигурка от магазина Fast Anime Studio. Дополнительные детали уточняйте у продавца.",4760,1,"Fast Anime Studio",100277409.jpg,3,https://fast-anime.ru/Figures/12905
184,"Nendoroid Ayu Tsukimiya","Фигурка от магазина Fast Anime Studio. Дополнительные детали уточняйте у продавца.",3868,1,"Fast Anime Studio",100277418.jpg,3,https://fast-anime.ru/Figures/12907
185,"Nendoroid Junko Konno","Фигурка от магазина Fast Anime Studio. Дополнительные детали уточняйте у продавца.",3868,1,"Fast Anime Studio",100277435.jpg,3,https://fast-anime.ru/Figures/12910
186,"Nendoroid Gr G11","Фигурка от магазина Fast Anime Studio. Дополнительные детали уточняйте у продавца.",4837,1,"Fast Anime Studio",100277440.jpg,3,https://fast-anime.ru/Figures/12911
187,"Demon Slayer Shinobu Kocho","Фигурка от магазина Fast Anime Studio. Дополнительные детали уточняйте у продавца.",13966,1,"Fast Anime Studio",100278177.jpeg,3,https://fast-anime.ru/Figures/12980
188,"Nendoroid Beef Boss","Фигурка от магазина Fast Anime Studio. Дополнительные детали уточняйте у продавца.",3791,1,"Fast Anime Studio",100278222.jpg,3,https://fast-anime.ru/Figures/12987
189,"Kizuna AI","Фигурка от магазина Fast Anime Studio. Дополнительные детали уточняйте у продавца.",12189,1,"Fast Anime Studio",5d16de04be33d651420c3b95f19320a1.jpeg,3,https://fast-anime.ru/Figures/13455
190,"Nendoroid Reimu Hakurei 2.0","Фигурка от магазина Fast Anime Studio. Дополнительные детали уточняйте у продавца.",5559,1,"Fast Anime Studio",485b1362311efed10f5fcb176e912801.jpeg,3,https://fast-anime.ru/Figures/13456
191,"Nendoroid Alter Ego/Meltryllis","Фигурка от магазина Fast Anime Studio. Дополнительные детали уточняйте у продавца.",5559,1,"Fast Anime Studio",6a022d4a44b9922766b2ae508bfedd96.jpeg,3,https://fast-anime.ru/Figures/13457
192,"Nendoroid Hatsune Miku V4X","Фигурка от магазина Fast Anime Studio. Дополнительные детали уточняйте у продавца.",6282,1,"Fast Anime Studio",90c70555582f656efe65393c2d0339e0.jpeg,3,https://fast-anime.ru/Figures/13458
193,"Nendoroid Asuka Shikinami Langley","Фигурка от магазина Fast Anime Studio. Дополнительные детали уточняйте у продавца.",4837,1,"Fast Anime Studio",100269471.jpg,3,https://fast-anime.ru/Figures/12473
194,"Figma Katsuki Bakugo","Фигурка от магазина Fast Anime Studio. Дополнительные детали уточняйте у продавца.",8466,1,"Fast Anime Studio",100266696.jpg,3,https://fast-anime.ru/Figures/12269https://fast-anime.ru/Figures/12451
195,"Nendoroid Nezuko Kamado","Фигурка от магазина Fast Anime Studio. Дополнительные детали уточняйте у продавца.",5967,1,"Fast Anime Studio",100269286.jpg,3,https://fast-anime.ru/Figures/12452
196,"Nendoroid Tanjiro Kamado","Фигурка от магазина Fast Anime Studio. Дополнительные детали уточняйте у продавца.",6214,1,"Fast Anime Studio",100269292.jpg,3,https://fast-anime.ru/Figures/12841
197,"Figma Archer Jeanne dArc","Фигурка от магазина Fast Anime Studio. Дополнительные детали уточняйте у продавца.",9843,1,"Fast Anime Studio",100275811.jpg,3,https://fast-anime.ru/Figures/12875
198,"POP UP PARADE Shoto Todoroki","Фигурка от магазина Fast Anime Studio. Дополнительные детали уточняйте у продавца.",4599,1,"Fast Anime Studio",100277225.jpeg,3,https://fast-anime.ru/Figures/12876
199,"POP UP PARADE Ochaco Uraraka PVC","Фигурка от магазина Fast Anime Studio. Дополнительные детали уточняйте у продавца.",4599,1,"Fast Anime Studio",100277232.jpeg,3,https://fast-anime.ru/Figures/12882
200,"Nendoroid Lio Fotia: Complete Combustion Ver.","Фигурка от магазина Fast Anime Studio. Дополнительные детали уточняйте у продавца.",6214,1,"Fast Anime Studio",100277274.jpg,3,https://fast-anime.ru/Figures/12883
201,"POP UP PARADE Natsu Dragneel","Фигурка от магазина Fast Anime Studio. Дополнительные детали уточняйте у продавца.",4599,1,"Fast Anime Studio",100277281.jpg,3,https://fast-anime.ru/Figures/12897
202,"Nendoroid Asuna Stacia, the Goddess of Creation","Фигурка от магазина Fast Anime Studio. Дополнительные детали уточняйте у продавца.",5406,1,"Fast Anime Studio",100277365.jpg,3,https://fast-anime.ru/Figures/12926
203,"Nendoroid Inosuke Hashibira","Фигурка от магазина Fast Anime Studio. Дополнительные детали уточняйте у продавца.",6214,1,"Fast Anime Studio",100277630.jpeg,3,https://fast-anime.ru/Figures/12942
204,"Miss Nagatoro","Фигурка от магазина Fast Anime Studio. Дополнительные детали уточняйте у продавца.",11297,1,"Fast Anime Studio",100277802.jpg,3,https://fast-anime.ru/Figures/12955
205,"Magical Sempai","Фигурка от магазина Fast Anime Studio. Дополнительные детали уточняйте у продавца.",12266,1,"Fast Anime Studio",100277918.jpg,3,https://fast-anime.ru/Figures/13425
206,"POP UP PARADE Genos","Фигурка от магазина Fast Anime Studio. Дополнительные детали уточняйте у продавца.",4599,1,"Fast Anime Studio",71a24fd1ee5c5cea4ac2808bb852454b.jpeg,3,https://fast-anime.ru/Figures/13426
207,"Figma Raphtalia","Фигурка от магазина Fast Anime Studio. Дополнительные детали уточняйте у продавца.",9843,1,"Fast Anime Studio",444e442c522536ae804848ea1371d853.jpeg,3,https://fast-anime.ru/Figures/13428
208,"Figma Altria Pendragon: Racing ver.","Фигурка от магазина Fast Anime Studio. Дополнительные детали уточняйте у продавца.",9843,1,"Fast Anime Studio",cabafe794492f5337e3247ed460642a2.jpeg,3,https://fast-anime.ru/Figures/12032
209,"POP UP PARADE Hatsune Miku PVC","Фигурка от магазина Fast Anime Studio. Дополнительные детали уточняйте у продавца.",4599,1,"Fast Anime Studio",100262617.jpg,3,https://fast-anime.ru/Figures/7231
210,"Revol Mini Ribun Mask","Фигурка от магазина Fast Anime Studio. Дополнительные детали уточняйте у продавца.",3052,1,"Fast Anime Studio",182023.jpg,3,https://fast-anime.ru/Figures/8660
211,"Super Action Giorno Giovanna","Фигурка от магазина Fast Anime Studio. Дополнительные детали уточняйте у продавца.",6775,1,"Fast Anime Studio",208257.jpg,3,https://fast-anime.ru/Figures/12362
212,"T2 ART GIRLS Maid Style Swimsuit Girl Emiri Kuriyama","Фигурка от магазина Fast Anime Studio. Дополнительные детали уточняйте у продавца.",12181,1,"Fast Anime Studio",100267926.jpg,3,https://fast-anime.ru/Figures/11685
213,"KonoSuba 2: Kazuma PVC","Фигурка от магазина Fast Anime Studio. Дополнительные детали уточняйте у продавца.",12512,1,"Fast Anime Studio",256832.jpg,3,https://fast-anime.ru/Figures/12144
214,"Figuarts ZERO Straw Hat Luffy","Фигурка от магазина Fast Anime Studio. Дополнительные детали уточняйте у продавца.",2627,1,"Fast Anime Studio",100265041.jpg,3,https://fast-anime.ru/Figures/9754
215,"Nendoroid Mutsuki Kai-II","Фигурка от магазина Fast Anime Studio. Дополнительные детали уточняйте у продавца.",5160,1,"Fast Anime Studio",227027.jpg,3,https://fast-anime.ru/Figures/7936
216,"Nendoroid Hestia","Фигурка от магазина Fast Anime Studio. Дополнительные детали уточняйте у продавца.",4157,1,"Fast Anime Studio",195481.jpg,3,https://fast-anime.ru/Figures/12261
217,"Nendoroid Kid the Phantom Thief","Фигурка от магазина Fast Anime Studio. Дополнительные детали уточняйте у продавца.",5075,1,"Fast Anime Studio",100266465.jpg,3,https://fast-anime.ru/Figures/12685
218,"Figma Genos","Фигурка от магазина Fast Anime Studio. Дополнительные детали уточняйте у продавца.",8067,1,"Fast Anime Studio",100271674.jpg,3,https://fast-anime.ru/Figures/13013
219,"That Time I Got Reincarnated as a Slime: EXQ Figure","Фигурка от магазина Fast Anime Studio. Дополнительные детали уточняйте у продавца.",2117,1,"Fast Anime Studio",100278456.jpg,3,https://fast-anime.ru/Figures/13020
220,"A Certain Scientific Railgun S: Special Figure - Misaki","Фигурка от магазина Fast Anime Studio. Дополнительные детали уточняйте у продавца.",1947,1,"Fast Anime Studio",100278468.jpg,3,https://fast-anime.ru/Figures/11196
221,"Akagi PVC","Фигурка от магазина Fast Anime Studio. Дополнительные детали уточняйте у продавца.",17961,1,"Fast Anime Studio",248895.jpg,3,https://fast-anime.ru/Figures/11504
222,"THE IDOLM@STER Cinderella Girls: Mika Jougasaki","Фигурка от магазина Fast Anime Studio. Дополнительные детали уточняйте у продавца.",13643,1,"Fast Anime Studio",254047.jpg,3,https://fast-anime.ru/Figures/12195
223,"Date A Live: Origami Tobiichi Angel Ver. PVC","Фигурка от магазина Fast Anime Studio. Дополнительные детали уточняйте у продавца.",17187,1,"Fast Anime Studio",100265543.jpg,3,https://fast-anime.ru/Figures/12431
224,"ARTFX J Enen no Shouboutai Tamaki Kotatsu","Фигурка от магазина Fast Anime Studio. Дополнительные детали уточняйте у продавца.",13073,1,"Fast Anime Studio",100268944.jpg,3,https://fast-anime.ru/Figures/12555
225,"Nendoroid Toshiro Hitsugaya","Фигурка от магазина Fast Anime Studio. Дополнительные детали уточняйте у продавца.",4837,1,"Fast Anime Studio",100270212.jpg,3,https://fast-anime.ru/Figures/12349
226,"POP UP PARADE Saitama: Hero Costume Ver. PVC","Фигурка от магазина Fast Anime Studio. Дополнительные детали уточняйте у продавца.",4675,1,"Fast Anime Studio",100267744.jpg,3,https://fast-anime.ru/Figures/11441
227,"Nendoroid Racing Miku: 2013 Sepang Ver.","Фигурка от магазина Fast Anime Studio. Дополнительные детали уточняйте у продавца.",3868,1,"Fast Anime Studio",253321.jpg,3,https://fast-anime.ru/Figures/12715
228,"Figma Hatsune Miku V4 CHINESE","Фигурка от магазина Fast Anime Studio. Дополнительные детали уточняйте у продавца.",6052,1,"Fast Anime Studio",100271958.jpg,3,https://fast-anime.ru/Figures/12789
229,"Funko POP! Dragon Ball Z: Vegeta","Фигурка от магазина Fast Anime Studio. Дополнительные детали уточняйте у продавца.",1097,1,"Fast Anime Studio",100274104.jpg,3,https://fast-anime.ru/Figures/11989
230,"Re:ZERO -Starting Life in Another World-: Emilia","Фигурка от магазина Fast Anime Studio. Дополнительные детали уточняйте у продавца.",14042,1,"Fast Anime Studio",100262230.jpg,3,https://fast-anime.ru/Figures/11028
231,"DEAD OR ALIVE Xtreme3: Marie Rose Bunny Ver. PVC","Фигурка от магазина Fast Anime Studio. Дополнительные детали уточняйте у продавца.",23171,1,"Fast Anime Studio",246574.jpg,3,https://fast-anime.ru/Figures/11540
232,"To Love-Ru Darkness: Haruna Sairenji PVC","Фигурка от магазина Fast Anime Studio. Дополнительные детали уточняйте у продавца.",16380,1,"Fast Anime Studio",254379.jpg,3,https://fast-anime.ru/Figures/844
233,"Shiranui Mai II GK","Фигурка от магазина Fast Anime Studio. Дополнительные детали уточняйте у продавца.",5602,1,"Fast Anime Studio",105918.jpg,3,https://fast-anime.ru/Figures/11890
234,"Variable Action Heroes: One Piece Monkey D Luffy","Фигурка от магазина Fast Anime Studio. Дополнительные детали уточняйте у продавца.",7727,1,"Fast Anime Studio",100260925.jpg,3,https://fast-anime.ru/Figures/1921
235,"Kisei Juui Suzune Red Version Coldcast Complete","Фигурка от магазина Fast Anime Studio. Дополнительные детали уточняйте у продавца.",4242,1,"Fast Anime Studio",115787.jpg,3,https://fast-anime.ru/Figures/3147
236,"Seto Kaiba PVC","Фигурка от магазина Fast Anime Studio. Дополнительные детали уточняйте у продавца.",6613,1,"Fast Anime Studio",130465.jpg,3,https://fast-anime.ru/Figures/3404
237,"G.E.M. Kagura Demuri (Aquarion EVOL)","Фигурка от магазина Fast Anime Studio. Дополнительные детали уточняйте у продавца.",6698,1,"Fast Anime Studio",133989.jpg,3,https://fast-anime.ru/Figures/3910
238,"G.E.M Kintoki Sakata","Фигурка от магазина Fast Anime Studio. Дополнительные детали уточняйте у продавца.",6044,1,"Fast Anime Studio",139318.jpg,3,https://fast-anime.ru/Figures/3911
239,"The Idol Master 2 Azusa Miura Princess Melody Ver.","Фигурка от магазина Fast Anime Studio. Дополнительные детали уточняйте у продавца.",5806,1,"Fast Anime Studio",139324.jpg,3,https://fast-anime.ru/Figures/4285
240,"Nanoha Takamachi Swimsuit Ver. PVC","Фигурка от магазина Fast Anime Studio. Дополнительные детали уточняйте у продавца.",5729,1,"Fast Anime Studio",144856.jpg,3,https://fast-anime.ru/Figures/4346
241,"Yukimura Sanada & Gotou Matabe GK","Фигурка от магазина Fast Anime Studio. Дополнительные детали уточняйте у продавца.",2712,1,"Fast Anime Studio",145414.jpg,3,https://fast-anime.ru/Figures/4378
242,"Kanu Unchou GK 2","Фигурка от магазина Fast Anime Studio. Дополнительные детали уточняйте у продавца.",9520,1,"Fast Anime Studio",145721.jpg,3,https://fast-anime.ru/Figures/5781
243,"Akane Isshiki Uniform Ver. & Wanko PVC","Фигурка от магазина Fast Anime Studio. Дополнительные детали уточняйте у продавца.",7174,1,"Fast Anime Studio",162849.jpg,3,https://fast-anime.ru/Figures/5782
244,"Himawari Shinomiya Uniform PVC Ver.","Фигурка от магазина Fast Anime Studio. Дополнительные детали уточняйте у продавца.",5882,1,"Fast Anime Studio",162856.jpg,3,https://fast-anime.ru/Figures/5792
245,"Artfx J Marik Ishtar PVC","Фигурка от магазина Fast Anime Studio. Дополнительные детали уточняйте у продавца.",7421,1,"Fast Anime Studio",162996.jpg,3,https://fast-anime.ru/Figures/11940
246,"Magical Girl Lyrical Nanoha As - Fate Testarossa","Фигурка от магазина Fast Anime Studio. Дополнительные детали уточняйте у продавца.",5228,1,"Fast Anime Studio",100261622.jpg,3,https://fast-anime.ru/Figures/6545
247,"Sir Francis Drake PVC","Фигурка от магазина Fast Anime Studio. Дополнительные детали уточняйте у продавца.",9758,1,"Fast Anime Studio",172522.jpg,3,https://fast-anime.ru/Figures/6622
248,"Valkyrie no Densetsu - Valkyrie","Фигурка от магазина Fast Anime Studio. Дополнительные детали уточняйте у продавца.",2882,1,"Fast Anime Studio",173829.jpg,3,https://fast-anime.ru/Figures/6707
249,"Dororon Enma-kun Me-ramera: Yukiko-Hime Ver.","Фигурка от магазина Fast Anime Studio. Дополнительные детали уточняйте у продавца.",6375,1,"Fast Anime Studio",174794.jpg,3,https://fast-anime.ru/Figures/7068
250,"Super Action Kiss","Фигурка от магазина Fast Anime Studio. Дополнительные детали уточняйте у продавца.",4913,1,"Fast Anime Studio",180084.jpg,3,https://fast-anime.ru/Figures/7469
251,"Variable Action Heroes ONE PIECE Portgas D. Ace","Фигурка от магазина Fast Anime Studio. Дополнительные детали уточняйте у продавца.",8152,1,"Fast Anime Studio",100264623.jpg,3,https://fast-anime.ru/Figures/7516
252,"Percival PVC","Фигурка от магазина Fast Anime Studio. Дополнительные детали уточняйте у продавца.",19049,1,"Fast Anime Studio",186325.jpg,3,https://fast-anime.ru/Figures/7602
253,"RAH Saber EXTRA","Фигурка от магазина Fast Anime Studio. Дополнительные детали уточняйте у продавца.",20825,1,"Fast Anime Studio",187722.jpg,3,https://fast-anime.ru/Figures/7605
254,"Hyakki Yakou Colonel Origa (Olga)","Фигурка от магазина Fast Anime Studio. Дополнительные детали уточняйте у продавца.",11705,1,"Fast Anime Studio",187772.jpg,3,https://fast-anime.ru/Figures/7672
255,"Tricycle Racer Candy Blue Ver.","Фигурка от магазина Fast Anime Studio. Дополнительные детали уточняйте у продавца.",10736,1,"Fast Anime Studio",188996.jpg,3,https://fast-anime.ru/Figures/7698
256,"Brilliant Summer: Saya Natsuki","Фигурка от магазина Fast Anime Studio. Дополнительные детали уточняйте у продавца.",14357,1,"Fast Anime Studio",189462.jpg,3,https://fast-anime.ru/Figures/7827
257,"RAH Hatsune Miku Project DIVA F Honey Whip Standard ver","Фигурка от магазина Fast Anime Studio. Дополнительные детали уточняйте у продавца.",24302,1,"Fast Anime Studio",192018.jpg,3,https://fast-anime.ru/Figures/7897
258,"Super Action Ajin: IBM Kei Nagai Ver.:IBM Sato Ver.","Фигурка от магазина Fast Anime Studio. Дополнительные детали уточняйте у продавца.",5806,1,"Fast Anime Studio",194480.jpg,3,https://fast-anime.ru/Figures/8010
259,"Walkure Romanze More & More: Bertille Althusser Tan Ver.","Фигурка от магазина Fast Anime Studio. Дополнительные детали уточняйте у продавца.",16065,1,"Fast Anime Studio",196499.jpg,3,https://fast-anime.ru/Figures/8030
260,"K Missing Kings: Saruhiko Fushimi PVC","Фигурка от магазина Fast Anime Studio. Дополнительные детали уточняйте у продавца.",10005,1,"Fast Anime Studio",196683.jpg,3,https://fast-anime.ru/Figures/8284
261,"Mighty Wife Mary Asahina PVC","Фигурка от магазина Fast Anime Studio. Дополнительные детали уточняйте у продавца.",13073,1,"Fast Anime Studio",201452.jpg,3,https://fast-anime.ru/Figures/8408
262,"Love Live! School Idol Festival: Hanayo Koizumi PVC","Фигурка от магазина Fast Anime Studio. Дополнительные детали уточняйте у продавца.",12674,1,"Fast Anime Studio",204140.jpg,3,https://fast-anime.ru/Figures/8423
263,"Kancolle: Alloy Shimakaze","Фигурка от магазина Fast Anime Studio. Дополнительные детали уточняйте у продавца.",11781,1,"Fast Anime Studio",204381.jpg,3,https://fast-anime.ru/Figures/8446
264,"Touken Ranbu -Online-: Yamatonokami Yasusada PVC","Фигурка от магазина Fast Anime Studio. Дополнительные детали уточняйте у продавца.",9359,1,"Fast Anime Studio",204879.jpg,3,https://fast-anime.ru/Figures/8518
265,"Shirobako: Ema Yasuhara PVC","Фигурка от магазина Fast Anime Studio. Дополнительные детали уточняйте у продавца.",10651,1,"Fast Anime Studio",212555.jpg,3,https://fast-anime.ru/Figures/8638
266,"Touken Ranbu -ONLINE-: Okurikara PVC","Фигурка от магазина Fast Anime Studio. Дополнительные детали уточняйте у продавца.",9843,1,"Fast Anime Studio",207695.jpg,3,https://fast-anime.ru/Figures/9055
267,"King of Prism by PrettyRhythm: Taiga Kougami PVC","Фигурка от магазина Fast Anime Studio. Дополнительные детали уточняйте у продавца.",7829,1,"Fast Anime Studio",215066.jpg,3,https://fast-anime.ru/Figures/9155
268,"Nendoroid Co-de Mikazuki Munechika: Uchiban Co-de","Фигурка от магазина Fast Anime Studio. Дополнительные детали уточняйте у продавца.",2882,1,"Fast Anime Studio",216525.jpg,3,https://fast-anime.ru/Figures/9165
269,"Figma Masaru Hananakajima","Фигурка от магазина Fast Anime Studio. Дополнительные детали уточняйте у продавца.",4437,1,"Fast Anime Studio",216761.jpg,3,https://fast-anime.ru/Figures/9173
270,"Ayaka Futaba illustration by saitom","Фигурка от магазина Fast Anime Studio. Дополнительные детали уточняйте у продавца.",10897,1,"Fast Anime Studio",216925.jpg,3,https://fast-anime.ru/Figures/9215
271,"Yatterman: Doronjo Design Arranged By Otogi Nekomu PVC","Фигурка от магазина Fast Anime Studio. Дополнительные детали уточняйте у продавца.",19049,1,"Fast Anime Studio",217262.jpg,3,https://fast-anime.ru/Figures/9548
272,"Nendoroid More: Dress Up Suits: 1 Box (6pcs)","Фигурка от магазина Fast Anime Studio. Дополнительные детали уточняйте у продавца.",4352,1,"Fast Anime Studio",223787.jpg,3,https://fast-anime.ru/Figures/9573
273,"MensHdge. Technical statue No.31 Attack on Titan: Jean Kirstein","Фигурка от магазина Fast Anime Studio. Дополнительные детали уточняйте у продавца.",13073,1,"Fast Anime Studio",224128.jpg,3,https://fast-anime.ru/Figures/9719
274,"Arpeggio of Blue Steel: Mental Model Takao Overknee Ver.","Фигурка от магазина Fast Anime Studio. Дополнительные детали уточняйте у продавца.",10736,1,"Fast Anime Studio",226332.jpg,3,https://fast-anime.ru/Figures/9852
275,"Ensemble Stars!: Chiaki Morisawa [Exclusive Sale]","Фигурка от магазина Fast Anime Studio. Дополнительные детали уточняйте у продавца.",3987,1,"Fast Anime Studio",228072.jpg,3,https://fast-anime.ru/Figures/9872
276,"Funko POP! Animation - Seraph Of The End: Ferid Bathory","Фигурка от магазина Fast Anime Studio. Дополнительные детали уточняйте у продавца.",1012,1,"Fast Anime Studio",228275.jpg,3,https://fast-anime.ru/Figures/9878
277,"Figma Shoyo Hinata","Фигурка от магазина Fast Anime Studio. Дополнительные детали уточняйте у продавца.",4837,1,"Fast Anime Studio",228330.jpg,3,https://fast-anime.ru/Figures/9883
278,"Dagashi Kashi: Saya Endo","Фигурка от магазина Fast Anime Studio. Дополнительные детали уточняйте у продавца.",11059,1,"Fast Anime Studio",228364.jpg,3,https://fast-anime.ru/Figures/9998
279,"Nendoroid Tomo Kunagisa","Фигурка от магазина Fast Anime Studio. Дополнительные детали уточняйте у продавца.",4242,1,"Fast Anime Studio",230551.jpg,3,https://fast-anime.ru/Figures/10015
280,"Kemono Friends Cu-poche Extra: Narikiri Friends Co-de","Фигурка от магазина Fast Anime Studio. Дополнительные детали уточняйте у продавца.",3137,1,"Fast Anime Studio",230809.jpg,3,https://fast-anime.ru/Figures/10138
281,"Shining Beach Heroines: Altina Swimsuit Ver.","Фигурка от магазина Fast Anime Studio. Дополнительные детали уточняйте у продавца.",10413,1,"Fast Anime Studio",232722.jpg,3,https://fast-anime.ru/Figures/10279
282,"Fate/Extella Gilgamesh Sanbi seyo Miwaku no Nikubi","Фигурка от магазина Fast Anime Studio. Дополнительные детали уточняйте у продавца.",7259,1,"Fast Anime Studio",234387.jpg,3,https://fast-anime.ru/Figures/10293
283,"Nendoroid Toru Amuro","Фигурка от магазина Fast Anime Studio. Дополнительные детали уточняйте у продавца.",4157,1,"Fast Anime Studio",234762.jpg,3,https://fast-anime.ru/Figures/10337
284,"REI Homare Art Works Akane Inudou Tanned Skin Ver.","Фигурка от магазина Fast Anime Studio. Дополнительные детали уточняйте у продавца.",12104,1,"Fast Anime Studio",235315.jpg,3,https://fast-anime.ru/Figures/10377
285,"Fate/Extella: No Name Black Swimmer Ver. PVC","Фигурка от магазина Fast Anime Studio. Дополнительные детали уточняйте у продавца.",8152,1,"Fast Anime Studio",236002.jpg,3,https://fast-anime.ru/Figures/10406
286,"figFIX Nico Yazawa: Cheerleader ver.","Фигурка от магазина Fast Anime Studio. Дополнительные детали уточняйте у продавца.",4590,1,"Fast Anime Studio",236446.jpg,3,https://fast-anime.ru/Figures/10471
287,"Interviews with Monster Girls: Hikari Takanashi PVC","Фигурка от магазина Fast Anime Studio. Дополнительные детали уточняйте у продавца.",9682,1,"Fast Anime Studio",237450.jpg,3,https://fast-anime.ru/Figures/10636
288,"G.E.M. Series - Yuri on Ice","Фигурка от магазина Fast Anime Studio. Дополнительные детали уточняйте у продавца.",10812,1,"Fast Anime Studio",239811.jpg,3,https://fast-anime.ru/Figures/10840
289,"To Love-Ru Darkness: Lala Satalin Deviluke Dress Style","Фигурка от магазина Fast Anime Studio. Дополнительные детали уточняйте у продавца.",12189,1,"Fast Anime Studio",243655.jpg,3,https://fast-anime.ru/Figures/11015
290,"Nendoroid Theo Cornaro","Фигурка от магазина Fast Anime Studio. Дополнительные детали уточняйте у продавца.",3902,1,"Fast Anime Studio",246258.jpg,3,https://fast-anime.ru/Figures/11045
291,"THE IDOLM@STER Cinderella Girls: Kanade Hayami","Фигурка от магазина Fast Anime Studio. Дополнительные детали уточняйте у продавца.",13252,1,"Fast Anime Studio",246694.jpg,3,https://fast-anime.ru/Figures/11047
292,"Ranma 1/2 (Original Ver.) Finger Mascot Puppela: P-chan","Фигурка от магазина Fast Anime Studio. Дополнительные детали уточняйте у продавца.",1097,1,"Fast Anime Studio",246707.jpg,3,https://fast-anime.ru/Figures/11048
293,"Ranma 1/2 (Original Ver.) Finger Mascot Puppela: Genma Saotome","Фигурка от магазина Fast Anime Studio. Дополнительные детали уточняйте у продавца.",1097,1,"Fast Anime Studio",246708.jpg,3,https://fast-anime.ru/Figures/11136
294,"Saekano: Eriri Spencer","Фигурка от магазина Fast Anime Studio. Дополнительные детали уточняйте у продавца.",11050,1,"Fast Anime Studio",247896.jpg,3,https://fast-anime.ru/Figures/11247
295,"Date A Live: Semi-solid Body Figure Series Tohka Yatogami","Фигурка от магазина Fast Anime Studio. Дополнительные детали уточняйте у продавца.",2032,1,"Fast Anime Studio",249875.jpg,3,https://fast-anime.ru/Figures/11249
296,"S.H. Figuarts Touhoufuhai (Master Asia)","Фигурка от магазина Fast Anime Studio. Дополнительные детали уточняйте у продавца.",3817,1,"Fast Anime Studio",249881.jpg,3,https://fast-anime.ru/Figures/11270
297,"Ayana Suzuki Comic Penguin Club Sanzokuban Cover Girl","Фигурка от магазина Fast Anime Studio. Дополнительные детали уточняйте у продавца.",13558,1,"Fast Anime Studio",250292.jpg,3,https://fast-anime.ru/Figures/11350
298,"Kantai Collection -KanColle-: Kongo Kai-II PVC","Фигурка от магазина Fast Anime Studio. Дополнительные детали уточняйте у продавца.",13558,1,"Fast Anime Studio",251182.jpg,3,https://fast-anime.ru/Figures/11365
299,"Cu-Poche Fate/EXTRA Last Encore Saber","Фигурка от магазина Fast Anime Studio. Дополнительные детали уточняйте у продавца.",4752,1,"Fast Anime Studio",251783.jpg,3,https://fast-anime.ru/Figures/11448
300,"Megadimension Neptunia VII: Next Black","Фигурка от магазина Fast Anime Studio. Дополнительные детали уточняйте у продавца.",23817,1,"Fast Anime Studio",253406.jpg,3,https://fast-anime.ru/Figures/11466
301,"Funko POP! - Ouran High School Host Club: Haruhi","Фигурка от магазина Fast Anime Studio. Дополнительные детали уточняйте у продавца.",1097,1,"Fast Anime Studio",253561.jpg,3,https://fast-anime.ru/Figures/11472
302,"Funko POP! - One Piece: Boa. Hancock","Фигурка от магазина Fast Anime Studio. Дополнительные детали уточняйте у продавца.",1012,1,"Fast Anime Studio",253567.jpg,3,https://fast-anime.ru/Figures/11491
303,"Studio Ghibli PBC-06 PULL-BACK Collection Totoro Handmade","Фигурка от магазина Fast Anime Studio. Дополнительные детали уточняйте у продавца.",1862,1,"Fast Anime Studio",253853.jpg,3,https://fast-anime.ru/Figures/11499
304,"Nendoroid Harry Potter","Фигурка от магазина Fast Anime Studio. Дополнительные детали уточняйте у продавца.",3732,1,"Fast Anime Studio",255048.jpg,3,https://fast-anime.ru/Figures/11534
305,"Ban! Design Prinzessin und der Frosch PVC","Фигурка от магазина Fast Anime Studio. Дополнительные детали уточняйте у продавца.",12572,1,"Fast Anime Studio",254341.jpg,3,https://fast-anime.ru/Figures/11564
306,"Funko POP! Ni No Kuni - Roland with Higgledy","Фигурка от магазина Fast Anime Studio. Дополнительные детали уточняйте у продавца.",1012,1,"Fast Anime Studio",254994.jpg,3,https://fast-anime.ru/Figures/11592
307,"Nendoroid Envy","Фигурка от магазина Fast Anime Studio. Дополнительные детали уточняйте у продавца.",4267,1,"Fast Anime Studio",255686.jpg,3,https://fast-anime.ru/Figures/11596
308,"Saekano: Utaha Kasumigaoka","Фигурка от магазина Fast Anime Studio. Дополнительные детали уточняйте у продавца.",11220,1,"Fast Anime Studio",255710.jpg,3,https://fast-anime.ru/Figures/11601
309,"Figure-rise Standard Legendary Super Saiyan Broly","Фигурка от магазина Fast Anime Studio. Дополнительные детали уточняйте у продавца.",3902,1,"Fast Anime Studio",255777.jpg,3,https://fast-anime.ru/Figures/11674
310,"THE iDOLM@STER: Cinderella Girls: Kaede Takagaki","Фигурка от магазина Fast Anime Studio. Дополнительные детали уточняйте у продавца.",13073,1,"Fast Anime Studio",256460.jpg,3,https://fast-anime.ru/Figures/11742
311,"Nendoroid Petite: Anzu & Kaede & Kirika & Live Stage Set [Wo...","Фигурка от магазина Fast Anime Studio. Дополнительные детали уточняйте у продавца.",3477,1,"Fast Anime Studio",258063.jpg,3,https://fast-anime.ru/Figures/11997
312,"Saga of Tanya the Evil: Tanya von Degurechaff PVC","Фигурка от магазина Fast Anime Studio. Дополнительные детали уточняйте у продавца.",11696,1,"Fast Anime Studio",100262293.jpg,3,https://fast-anime.ru/Figures/12024
313,"Figma Avenger Jeanne dArc (Alter) Shinjuku ver.","Фигурка от магазина Fast Anime Studio. Дополнительные детали уточняйте у продавца.",5406,1,"Fast Anime Studio",100262545.jpg,3,https://fast-anime.ru/Figures/12100
314,"GRIDMAN Gilrs SSSS.GRIDMAN Akane Shinjo","Фигурка от магазина Fast Anime Studio. Дополнительные детали уточняйте у продавца.",13881,1,"Fast Anime Studio",100264311.jpg,3,https://fast-anime.ru/Figures/12135
315,"Figuarts ZERO Iron Man Franky","Фигурка от магазина Fast Anime Studio. Дополнительные детали уточняйте у продавца.",5075,1,"Fast Anime Studio",100264998.jpg,3,https://fast-anime.ru/Figures/12138
316,"Figuarts ZERO Cotton Candy Lover Chopper Horn Point Ver.","Фигурка от магазина Fast Anime Studio. Дополнительные детали уточняйте у продавца.",3562,1,"Fast Anime Studio",100265014.jpg,3,https://fast-anime.ru/Figures/12140
317,"Figuarts ZERO Knight of the Sea Jinbe","Фигурка от магазина Fast Anime Studio. Дополнительные детали уточняйте у продавца.",5321,1,"Fast Anime Studio",100265022.jpg,3,https://fast-anime.ru/Figures/12142
318,"Figuarts ZERO Black Leg Sanji","Фигурка от магазина Fast Anime Studio. Дополнительные детали уточняйте у продавца.",3732,1,"Fast Anime Studio",100265031.jpg,3,https://fast-anime.ru/Figures/12330
319,"Arifureta: From Commonplace to Worlds Strongest Yue PVC","Фигурка от магазина Fast Anime Studio. Дополнительные детали уточняйте у продавца.",11781,1,"Fast Anime Studio",100267403.jpg,3,https://fast-anime.ru/Figures/12369
320,"Youkai Watch 17 KK Brothers K-Koma","Фигурка от магазина Fast Anime Studio. Дополнительные детали уточняйте у продавца.",1012,1,"Fast Anime Studio",100268286.jpg,3,https://fast-anime.ru/Figures/12370
321,"Youkai Watch 18 KK Brothers K Jiro","Фигурка от магазина Fast Anime Studio. Дополнительные детали уточняйте у продавца.",1012,1,"Fast Anime Studio",100268289.jpg,3,https://fast-anime.ru/Figures/12776
322,"Ichiban Kuji Premium THE IDOLM@STER Cinderella Girls","Фигурка от магазина Fast Anime Studio. Дополнительные детали уточняйте у продавца.",1522,1,"Fast Anime Studio",100273626.jpg,3,https://fast-anime.ru/Figures/12785
323,"Funko POP! BT21: Koya","Фигурка от магазина Fast Anime Studio. Дополнительные детали уточняйте у продавца.",1097,1,"Fast Anime Studio",100274100.jpg,3,https://fast-anime.ru/Figures/12786
324,"Funko POP! BT21: Mang","Фигурка от магазина Fast Anime Studio. Дополнительные детали уточняйте у продавца.",1097,1,"Fast Anime Studio",100274101.jpg,3,https://fast-anime.ru/Figures/12787
325,"Funko POP! BT21: Shooky","Фигурка от магазина Fast Anime Studio. Дополнительные детали уточняйте у продавца.",1097,1,"Fast Anime Studio",100274102.jpg,3,https://fast-anime.ru/Figures/12788
326,"Funko POP! Dragon Ball Z: Goku","Фигурка от магазина Fast Anime Studio. Дополнительные детали уточняйте у продавца.",1097,1,"Fast Anime Studio",100274103.jpg,3,https://fast-anime.ru/Figures/12797
327,"Funko POP!: One Piece: DQ Doflamingo","Фигурка от магазина Fast Anime Studio. Дополнительные детали уточняйте у продавца.",1097,1,"Fast Anime Studio",100274112.jpg,3,https://fast-anime.ru/Figures/12802
328,"Funko POP! One Piece: Usopp","Фигурка от магазина Fast Anime Studio. Дополнительные детали уточняйте у продавца.",1097,1,"Fast Anime Studio",100274119.jpg,3,https://fast-anime.ru/Figures/12803
329,"Funko POP! Dragonball Z: Goku (Casual)","Фигурка от магазина Fast Anime Studio. Дополнительные детали уточняйте у продавца.",1097,1,"Fast Anime Studio",100274120.jpg,3,https://fast-anime.ru/Figures/12804
330,"Funko POP! Dragonball Z: King Kai & Bubbles","Фигурка от магазина Fast Anime Studio. Дополнительные детали уточняйте у продавца.",1097,1,"Fast Anime Studio",100274121.jpg,3,https://fast-anime.ru/Figures/10844
331,"Figma Arashi Ishino","Фигурка от магазина Fast Anime Studio. Дополнительные детали уточняйте у продавца.",5806,1,"Fast Anime Studio",243728.jpg,3,https://fast-anime.ru/Figures/8122
332,"Jingai Makyo: Ignis PVC","Фигурка от магазина Fast Anime Studio. Дополнительные детали уточняйте у продавца.",13073,1,"Fast Anime Studio",198476.jpg,3,https://fast-anime.ru/Figures/4485
573,"Chimi Mega Buddy Series! Naruto Shippuden","Фигурка от магазина Fast Anime Studio. Дополнительные детали уточняйте у продавца.",6260,1,"Fast Anime Studio",100262398.jpg,3,https://fast-anime.ru/Figures/12433
574,"Kirara Fantasia: Hifumi Takimoto Witch Ver. PVC","Фигурка от магазина Fast Anime Studio. Дополнительные детали уточняйте у продавца.",7020,1,"Fast Anime Studio",100264094.jpg,3,https://fast-anime.ru/Figures/12451
575,"Hyperdimension Neptunia: Black Sister Bunny Ver. PVC","Фигурка от магазина Fast Anime Studio. Дополнительные детали уточняйте у продавца.",23650,1,"Fast Anime Studio",100266719.jpg,3,https://fast-anime.ru/Figures/12468
576,"Date A Live Light Novel: Kurumi Tokisaki","Фигурка от магазина Fast Anime Studio. Дополнительные детали уточняйте у продавца.",7970,1,"Fast Anime Studio",100272446.jpg,3,https://fast-anime.ru/Figures/12475
577,"Nendoroid Hina Amano","Фигурка от магазина Fast Anime Studio. Дополнительные детали уточняйте у продавца.",20130,1,"Fast Anime Studio",100269071.jpg,3,https://fast-anime.ru/Figures/12476
578,"Nendoroid Nezuko Kamado","Фигурка от магазина Fast Anime Studio. Дополнительные детали уточняйте у продавца.",12720,1,"Fast Anime Studio",100269286.jpg,3,https://fast-anime.ru/Figures/12729
579,"F-ism Girl Katana Maid","Фигурка от магазина Fast Anime Studio. Дополнительные детали уточняйте у продавца.",5880,1,"Fast Anime Studio",100269404.jpg,3,https://fast-anime.ru/Figures/12753
580,"Nendoroid Doll: Osamu Dazai","Фигурка от магазина Fast Anime Studio. Дополнительные детали уточняйте у продавца.",5880,1,"Fast Anime Studio",100269517.jpg,3,https://fast-anime.ru/Figures/12780
